{
    "rmse": 5.626898349646183,
    "mae": 4.603617728605568,
    "r2": 0.3507602824670266
}